ZCTA5CE20,rat_sightings,population,poverty_rate,borough,pop_white,pop_black,rats_per_1000,white_prop,black_prop,white_pct,black_pct,poverty_pct
10001,447,30511,0.1508165894766166,Manhattan,18766,4305,14.65045393464652,0.6150568647373078,0.141096653665891,61.50568647373078,14.1096653665891,15.08165894766166
10002,1027,76873,0.2793413016006739,Manhattan,30854,9291,13.359697162853017,0.4013632875001626,0.12086168095430125,40.13632875001626,12.086168095430125,27.93413016006739
10003,1248,53560,0.1261668310359854,Manhattan,39676,3742,23.300970873786408,0.7407766990291262,0.069865571321882,74.07766990291262,6.986557132188199,12.61668310359854
10004,72,3711,0.0350257941895194,Manhattan,2548,206,19.40177849636217,0.6866073834545945,0.055510644031258424,68.66073834545945,5.551064403125842,3.5025794189519397
10005,84,9439,0.0425892573365822,Manhattan,7326,877,8.899247801673907,0.7761415404174171,0.092912384786524,77.61415404174171,9.2912384786524,4.25892573365822
10006,58,4096,0.146240234375,Manhattan,2734,256,14.16015625,0.66748046875,0.0625,66.748046875,6.25,14.6240234375
10007,133,7406,0.0222160122956546,Manhattan,6098,358,17.958412098298677,0.8233864434242506,0.04833918444504456,82.33864434242506,4.833918444504456,2.2216012295654597
10009,1297,60209,0.1965998038987585,Manhattan,38465,7330,21.541629988872096,0.6388579780431497,0.12174259662176751,63.88579780431497,12.17425966217675,19.65998038987585
10010,314,30702,0.1094536177450216,Manhattan,22198,3357,10.22734675265455,0.7230147873102729,0.10934141098299785,72.30147873102729,10.934141098299785,10.94536177450216
10011,925,48277,0.0934555367146751,Manhattan,38182,3142,19.1602626509518,0.7908942146363693,0.06508275162085465,79.08942146363694,6.508275162085465,9.34555367146751
10012,523,21426,0.1070868457165261,Manhattan,16222,1005,24.40959581816485,0.757117520769159,0.046905628675441055,75.7117520769159,4.690562867544106,10.70868457165261
10013,592,27219,0.123132710575066,Manhattan,17020,1100,21.74951320768581,0.6252985047209669,0.040412946838605385,62.52985047209669,4.041294683860539,12.3132710575066
10014,1017,29230,0.0677377936634625,Manhattan,25773,1355,34.79302086897024,0.8817310981867944,0.046356483065343825,88.17310981867944,4.6356483065343825,6.7737793663462496
10016,653,52971,0.1078290849926396,Manhattan,36892,3205,12.327499952804365,0.696456551698099,0.06050480451567839,69.6456551698099,6.050480451567839,10.78290849926396
10017,144,15297,0.1000918876345497,Manhattan,11274,921,9.413610511865071,0.7370072563247696,0.06020788389880369,73.70072563247696,6.0207883898803685,10.00918876345497
10018,167,8559,0.1558778445937979,Manhattan,4441,1053,19.51162518985863,0.5188690267554621,0.12302839116719243,51.88690267554621,12.302839116719243,15.587784459379789
10019,739,44942,0.1015558445052235,Manhattan,30610,4609,16.44341595834631,0.6811000845534244,0.10255440345333985,68.11000845534244,10.255440345333986,10.15558445052235
10020,2,0,,Manhattan,0,0,,,,,,
10021,755,39868,0.0472074468085106,Manhattan,33964,499,18.937493729306713,0.8519113073141367,0.012516303802548409,85.19113073141366,1.251630380254841,4.72074468085106
10022,321,34049,0.0699486452983885,Manhattan,27785,1039,9.427589650209992,0.8160298393491733,0.03051484625099122,81.60298393491733,3.051484625099122,6.99486452983885
10023,1249,69455,0.0843769521373114,Manhattan,50503,4763,17.98286660427615,0.7271326758332733,0.06857677632999784,72.71326758332734,6.857677632999784,8.437695213731141
10024,2300,63115,0.0823878287777204,Manhattan,52544,3305,36.441416462013784,0.8325120811217619,0.05236473104650242,83.25120811217619,5.2364731046502415,8.23878287777204
10025,3950,93065,0.1558261738034978,Manhattan,61848,14563,42.443453500241766,0.6645677752108741,0.15648202868962552,66.4567775210874,15.648202868962551,15.582617380349781
10026,2379,37123,0.1773332614438992,Manhattan,12969,19562,64.08426043153841,0.3493521536513752,0.5269509468523557,34.935215365137516,52.69509468523557,17.73332614438992
10027,2483,63885,0.2606362934917188,Manhattan,22481,27508,38.8667136260468,0.35189794161383736,0.4305862095953667,35.18979416138374,43.05862095953667,26.06362934917188
10028,1508,49077,0.0492231148811223,Manhattan,43920,1119,30.72722456547874,0.8949202273977627,0.02280090470077633,89.49202273977626,2.2800904700776328,4.92231148811223
10029,1606,77447,0.3098253885803332,Manhattan,24556,28099,20.73676191459966,0.3170684468087854,0.36281586116957404,31.706844680878536,36.281586116957406,30.98253885803332
10030,1175,29297,0.3643275454638857,Manhattan,6270,17973,40.106495545619005,0.2140150868689627,0.613475782503328,21.40150868689627,61.3475782503328,36.432754546388566
10031,1806,61058,0.2394898128209375,Manhattan,18943,24627,29.578433620491992,0.3102459956107308,0.40333780995119395,31.024599561073078,40.3337809951194,23.94898128209375
10032,1167,55610,0.2241280731846769,Manhattan,16375,12545,20.985434274411077,0.29446142780075524,0.2255889228556015,29.446142780075522,22.55889228556015,22.41280731846769
10033,1150,54838,0.1814765448554185,Manhattan,25444,7814,20.97085962288924,0.4639848280389511,0.14249243225500566,46.39848280389511,14.249243225500566,18.14765448554185
10034,1067,37758,0.161610268378063,Manhattan,15751,7606,28.258912018645056,0.4171566290587425,0.20144075427723926,41.715662905874254,20.144075427723926,16.1610268378063
10035,892,38862,0.3420962696180236,Manhattan,12472,16194,22.95301322628789,0.3209304719263033,0.41670526478307857,32.09304719263033,41.670526478307856,34.20962696180236
10036,595,31036,0.1395697522816167,Manhattan,20588,3621,19.171284959401984,0.6633586802422993,0.11667096275293208,66.33586802422992,11.667096275293208,13.956975228161669
10037,529,19031,0.2902519752295537,Manhattan,3838,14121,27.7967526667017,0.20167095791077716,0.7419998949083075,20.167095791077717,74.19998949083076,29.02519752295537
10038,276,22235,0.1937579368955748,Manhattan,12104,2956,12.412862604002699,0.5443669889813357,0.13294355745446368,54.43669889813357,13.294355745446367,19.37579368955748
10039,843,32492,0.2847269361308238,Manhattan,7318,20215,25.944847962575405,0.2252246706881694,0.6221531453896344,22.52246706881694,62.21531453896344,28.472693613082377
10040,682,40096,0.1732812340382061,Manhattan,15223,6114,17.00917797286512,0.3796638068635275,0.15248403830806065,37.96638068635275,15.248403830806065,17.328123403820612
10044,10,11520,0.1195451183431952,Manhattan,6318,1551,0.8680555555555555,0.5484375,0.13463541666666667,54.84375,13.463541666666668,11.95451183431952
10065,285,30808,0.0626161217771113,Manhattan,25675,914,9.250843936639834,0.8333874318358868,0.02966761880031161,83.33874318358868,2.966761880031161,6.261612177711131
10069,35,6509,0.2548778614226455,Manhattan,3187,180,5.377170072207712,0.48962974343217086,0.027654017514211093,48.962974343217084,2.765401751421109,25.48778614226455
10075,683,21897,0.1470918797415004,Manhattan,18965,686,31.191487418367814,0.866100379047358,0.03132849248755537,86.6100379047358,3.1328492487555373,14.70918797415004
10112,2,0,,Manhattan,0,0,,,,,,
10115,1,0,,Manhattan,0,0,,,,,,
10128,1349,57976,0.0892485789546651,Manhattan,45410,4327,23.26824893059197,0.783255140057955,0.07463433144749551,78.3255140057955,7.463433144749551,8.924857895466511
10154,1,0,,Manhattan,0,0,,,,,,
10162,7,1603,0.0368059887710542,Manhattan,1509,160,4.366812227074235,0.9413599500935745,0.09981285090455397,94.13599500935746,9.981285090455398,3.6805988771054197
10278,1,0,,Manhattan,0,0,,,,,,
10280,10,8933,0.0372775103548639,Manhattan,5909,195,1.119444755401321,0.6614799059666405,0.02182917273032576,66.14799059666406,2.182917273032576,3.7277510354863903
10282,17,5887,0.0577543740445048,Manhattan,4086,595,2.887718702225242,0.6940716833701376,0.10107015457788347,69.40716833701376,10.107015457788346,5.77543740445048
10301,536,41052,0.1872248899559823,Staten Island,22080,12356,13.056611127350678,0.5378544285296697,0.30098411770437494,53.785442852966966,30.098411770437494,18.72248899559823
10302,255,19030,0.1708497763746382,Staten Island,8523,4155,13.399894902785077,0.44787178139779293,0.2183394640042039,44.78717813977929,21.83394640042039,17.08497763746382
10303,223,26497,0.1785619728431483,Staten Island,11031,10756,8.41604709967166,0.4163112805223233,0.4059327471034457,41.63112805223233,40.593274710344566,17.856197284314828
10304,350,45658,0.1833844488544109,Staten Island,21238,13546,7.665688378816418,0.4651539708265802,0.29668404222699196,46.51539708265802,29.668404222699195,18.338444885441092
10305,443,41270,0.1111002229353977,Staten Island,27652,2275,10.7341894838866,0.6700266537436395,0.05512478798158468,67.00266537436394,5.512478798158468,11.110022293539771
10306,430,57428,0.0940041810867312,Staten Island,43936,2434,7.4876366929024165,0.7650623389287455,0.04238350630354531,76.50623389287455,4.238350630354531,9.40041810867312
10307,44,15512,0.0601460042638413,Staten Island,14502,155,2.836513666838577,0.9348891181021145,0.009992264053635895,93.48891181021145,0.9992264053635895,6.0146004263841295
10308,316,30568,0.0609999672571297,Staten Island,26848,621,10.337607956032452,0.878304108872023,0.020315362470557447,87.8304108872023,2.0315362470557448,6.099996725712971
10309,150,34885,0.0709961950882047,Staten Island,31646,276,4.299842339114233,0.9071520710907267,0.007911709903970188,90.71520710907267,0.7911709903970188,7.099619508820471
10310,409,25672,0.1341629930168142,Staten Island,16169,6379,15.93175444063571,0.6298301651604862,0.24848083515113742,62.983016516048615,24.848083515113743,13.41629930168142
10312,560,63469,0.0614252163359235,Staten Island,53520,1253,8.823205029226866,0.8432463092218249,0.019741921252895114,84.3246309221825,1.9741921252895114,6.1425216335923505
10314,488,93915,0.1102505743902833,Staten Island,67902,5021,5.196188042378746,0.7230154927327903,0.053463238034392804,72.30154927327904,5.34632380343928,11.02505743902833
10451,914,50942,0.3325008357751077,Bronx,9272,27649,17.941973224451335,0.18201091437320874,0.5427545051234738,18.201091437320873,54.275450512347376,33.25008357751077
10452,1910,75682,0.3462565042732738,Bronx,12452,33094,25.237176607383525,0.1645305356623768,0.43727702756269654,16.45305356623768,43.72770275626966,34.62565042732738
10453,1162,76282,0.3789723008092637,Bronx,15969,32389,15.232951417110197,0.20934165333892663,0.4245955795600535,20.93416533389266,42.45955795600535,37.89723008092637
10454,694,39570,0.4519669471763155,Bronx,6898,13975,17.538539297447564,0.1743239828152641,0.3531715946424059,17.43239828152641,35.31715946424059,45.19669471763155
10455,936,44801,0.3672756582482536,Bronx,8709,18873,20.89239079484833,0.19439298229950225,0.4212629182384322,19.439298229950225,42.12629182384322,36.72756582482536
10456,1654,87533,0.3860692020672553,Bronx,13461,46765,18.895730752973165,0.153782002216307,0.5342556521540448,15.3782002216307,53.42556521540448,38.60692020672553
10457,1249,79543,0.3276812969756048,Bronx,13959,37380,15.70219881070616,0.17548998654815634,0.4699345008360258,17.548998654815634,46.993450083602575,32.768129697560475
10458,1475,74898,0.3132870077911139,Bronx,15031,18990,19.693449758338005,0.20068626665598546,0.2535448209565008,20.068626665598547,25.354482095650084,31.32870077911139
10459,1104,48270,0.3371868978805395,Bronx,8166,21592,22.871348663766316,0.16917339962709757,0.44731717422829914,16.917339962709757,44.73171742282992,33.71868978805395
10460,1024,59396,0.3421498238959631,Bronx,10358,28881,17.24021819651155,0.17438884773385413,0.4862448649740723,17.438884773385414,48.62448649740723,34.21498238959631
10461,434,52012,0.1602279426213401,Bronx,22680,7094,8.344228255018074,0.43605321848804124,0.1363916019380143,43.605321848804124,13.63916019380143,16.02279426213401
10462,1177,76320,0.2024237933954276,Bronx,16370,20730,15.421907756813418,0.2144916142557652,0.2716194968553459,21.44916142557652,27.16194968553459,20.242379339542758
10463,2340,69470,0.1869086696273411,Manhattan,32541,16146,33.68360443356844,0.46841802216784223,0.23241687059162228,46.841802216784224,23.241687059162228,18.69086696273411
10464,47,3828,0.0519853709508881,Bronx,2999,104,12.277951933124347,0.7834378265412748,0.027168234064785787,78.34378265412748,2.7168234064785786,5.19853709508881
10465,219,45404,0.1415226422456333,Bronx,23991,7452,4.823363580301295,0.5283895692009515,0.16412650867764955,52.83895692009515,16.412650867764956,14.15226422456333
10466,556,71116,0.221188475390156,Bronx,5318,48871,7.81821249789077,0.07477923392766747,0.6872011924180212,7.477923392766747,68.72011924180212,22.118847539015597
10467,2048,96421,0.2763303681661337,Bronx,18146,35301,21.24018626647722,0.1881955175739725,0.3661131911098205,18.81955175739725,36.61131911098205,27.63303681661337
10468,1564,75557,0.2792409245356504,Bronx,13726,21375,20.699604272271266,0.1816641740672605,0.28289900340140556,18.166417406726048,28.289900340140555,27.92409245356504
10469,588,68521,0.1660247987555314,Bronx,11611,41790,8.581310839012858,0.16945170093839845,0.6098860203441281,16.945170093839845,60.98860203441281,16.60247987555314
10470,377,16004,0.1101394169835234,Bronx,7538,4923,23.55661084728818,0.47100724818795303,0.3076105973506623,47.1007248187953,30.761059735066233,11.01394169835234
10471,304,23798,0.0579222011385199,Bronx,16465,3608,12.774182704428945,0.6918648625934952,0.15160937893940668,69.18648625934952,15.160937893940668,5.79222011385199
10472,1558,64011,0.341629671609836,Bronx,8059,19796,24.339566636984266,0.1259002358969552,0.3092593460498977,12.59002358969552,30.92593460498977,34.1629671609836
10473,449,58855,0.2264034228568482,Bronx,11281,27040,7.628918528587206,0.19167445416702064,0.45943420270155466,19.167445416702066,45.943420270155464,22.64034228568482
10474,433,11270,0.2932917316692667,Bronx,2182,4492,38.420585625554565,0.19361135758651288,0.39858030168589176,19.361135758651287,39.858030168589174,29.32917316692667
10475,55,42578,0.1488677796967952,Bronx,5595,29666,1.291746911550566,0.13140589036591668,0.6967447977828926,13.140589036591669,69.67447977828925,14.886777969679521
11001,34,25493,0.0351999372130439,Queens,16019,1596,1.333699446906994,0.6283685717647982,0.06260542109598713,62.836857176479825,6.260542109598713,3.5199937213043904
11004,51,13615,0.0892994021155909,Queens,4922,911,3.74586852735953,0.3615130370914433,0.06691149467499082,36.15130370914433,6.6911494674990815,8.92994021155909
11040,14,41988,0.0366578758091584,Queens,18984,983,0.33342859864723257,0.4521291797656473,0.023411450890730684,45.21291797656473,2.3411450890730685,3.66578758091584
11101,851,42219,0.1519846963175514,Queens,20263,5275,20.156801440109902,0.4799497856415358,0.1249437457069092,47.99497856415358,12.49437457069092,15.19846963175514
11102,1566,28503,0.1258609671234822,Queens,17226,2915,54.94158509630565,0.6043574360593622,0.1022699364979125,60.435743605936224,10.22699364979125,12.586096712348219
11103,1013,35163,0.1054745357183547,Queens,24372,2524,28.80869095355914,0.6931149219349885,0.07177999601854222,69.31149219349885,7.177999601854222,10.54745357183547
11104,654,26132,0.1055755533430343,Queens,15420,1030,25.026787080973516,0.5900811265880912,0.039415276289606616,59.00811265880912,3.9415276289606616,10.55755533430343
11105,1297,37936,0.0921035239379279,Queens,29697,1776,34.18916069169127,0.7828184310417545,0.04681568958245466,78.28184310417545,4.6815689582454665,9.210352393792789
11106,628,40930,0.1406414365046358,Queens,23236,4191,15.343268995846566,0.5677009528463229,0.10239433178597605,56.77009528463229,10.239433178597606,14.064143650463578
11109,18,7948,0.0293155510820332,Queens,5705,214,2.264720684448918,0.7177906391545043,0.02692501258178158,71.77906391545042,2.692501258178158,2.93155510820332
11201,2726,70674,0.1013041210224308,Brooklyn,49289,9164,38.57146899850016,0.6974134759600419,0.12966578939921328,69.74134759600419,12.966578939921328,10.130412102243081
11203,1159,74817,0.1692217223035159,Brooklyn,5837,64893,15.491131694668324,0.07801702821551251,0.8673563494927623,7.801702821551252,86.73563494927623,16.92217223035159
11204,587,79800,0.217177944988298,Brooklyn,46236,2015,7.355889724310777,0.5793984962406015,0.02525062656641604,57.939849624060145,2.525062656641604,21.7177944988298
11205,1619,51676,0.2504707335344496,Brooklyn,32174,13548,31.329824289805714,0.6226101091415744,0.2621719947364347,62.261010914157445,26.217199473643472,25.047073353444958
11206,2199,93020,0.3441398661774228,Brooklyn,49758,21103,23.640077402709093,0.5349172221027736,0.22686519028165986,53.49172221027736,22.686519028165986,34.41398661774228
11207,3580,93198,0.2491871857118085,Brooklyn,13731,59310,38.41284147728492,0.1473314878001674,0.6363870469323376,14.733148780016739,63.63870469323376,24.91871857118085
11208,2468,105428,0.1868269304208355,Brooklyn,10663,48131,23.40934097203779,0.10114011458056683,0.45652957468604166,10.114011458056684,45.652957468604164,18.68269304208355
11209,1491,71004,0.1227373318958179,Brooklyn,50968,4557,20.998816968058136,0.7178187144386232,0.06417948284603685,71.78187144386231,6.417948284603685,12.27373318958179
11210,632,57915,0.1101425066555306,Brooklyn,18270,33799,10.912544245877578,0.31546231546231546,0.583596650263317,31.546231546231546,58.3596650263317,11.01425066555306
11211,2520,65314,0.2032777811942685,Brooklyn,46570,4912,38.58284594420798,0.7130171173102244,0.07520592828490064,71.30171173102244,7.520592828490064,20.32777811942685
11212,889,89020,0.3356221909474735,Brooklyn,11574,71483,9.98651988317232,0.13001572680296564,0.8029993259941586,13.001572680296563,80.29993259941585,33.56221909474735
11213,1989,68846,0.2258159494751718,Brooklyn,20255,43053,28.890567353223137,0.2942073613572321,0.6253522354239898,29.420736135723207,62.535223542398974,22.581594947517182
11214,642,89397,0.19167437349153,Brooklyn,41058,3114,7.181449041914158,0.45927715695157556,0.03483338367059297,45.92771569515756,3.4833383670592974,19.167437349152998
11215,2700,70441,0.0555786277907459,Brooklyn,57788,3218,38.32994988713959,0.820374497806675,0.045683621754376,82.0374497806675,4.5683621754376,5.55786277907459
11216,3736,60685,0.1600695594567737,Brooklyn,23639,32576,61.56381313339376,0.38953612919172775,0.5368048117327181,38.95361291917278,53.68048117327181,16.00695594567737
11217,1544,43490,0.0959577143389372,Brooklyn,28151,9703,35.502414348126,0.6472982294780409,0.22310876063462864,64.7298229478041,22.310876063462864,9.59577143389372
11218,1658,72042,0.1406041165463779,Brooklyn,43119,8572,23.014352738680216,0.5985258599150496,0.11898614696982315,59.85258599150496,11.898614696982316,14.06041165463779
11219,881,94196,0.3300081433224756,Brooklyn,59988,1859,9.35283876173086,0.6368423287613062,0.01973544524183617,63.68423287613062,1.973544524183617,33.00081433224756
11220,1695,90652,0.229003743990784,Brooklyn,23583,4239,18.697877597846713,0.26014870052508493,0.04676124078895116,26.014870052508492,4.676124078895116,22.900374399078398
11221,3467,91588,0.2301544668208777,Brooklyn,31610,43276,37.85430405730008,0.3451325501157357,0.4725073153688256,34.51325501157357,47.25073153688256,23.01544668208777
11222,3376,42853,0.0951288056206089,Brooklyn,35515,3387,78.78094882505309,0.8287634471332229,0.0790376403052295,82.8763447133223,7.90376403052295,9.51288056206089
11223,571,78093,0.2129877483784618,Brooklyn,41987,5606,7.3117949111956255,0.5376538230059033,0.07178620362900644,53.765382300590325,7.178620362900643,21.298774837846178
11224,397,50822,0.2547680905484059,Brooklyn,26121,14368,7.811577663216717,0.5139703278107906,0.2827122112470977,51.397032781079055,28.271221124709772,25.476809054840587
11225,1823,58158,0.1578123387124522,Brooklyn,20803,33795,31.345644623267653,0.35769799511675093,0.581089445991953,35.769799511675096,58.1089445991953,15.78123387124522
11226,3153,95144,0.1590089184642891,Brooklyn,20434,63623,33.13924157067182,0.2147691919616581,0.6687021777516186,21.47691919616581,66.87021777516186,15.90089184642891
11228,462,42241,0.1385087698422142,Brooklyn,22889,1015,10.937241069103479,0.5418669065599773,0.02402878719727279,54.18669065599773,2.402878719727279,13.850876984221419
11229,469,78377,0.1690268886043534,Brooklyn,51299,6560,5.983898337522487,0.6545159932122945,0.08369802365489876,65.45159932122945,8.369802365489875,16.90268886043534
11230,1230,86978,0.2018946053483853,Brooklyn,54186,9105,14.141507047759204,0.6229851226746993,0.1046816436340224,62.29851226746993,10.46816436340224,20.18946053483853
11231,2510,38276,0.1310093952003349,Brooklyn,28166,5539,65.57634026544049,0.7358658166997596,0.14471209112759953,73.58658166997596,14.471209112759952,13.100939520033489
11232,701,27816,0.191774473836648,Brooklyn,11822,3060,25.201322979580098,0.4250071901064136,0.1100086281276963,42.500719010641355,11.000862812769629,19.1774473836648
11233,2429,81822,0.2361860293665909,Brooklyn,14343,60066,29.68639241279851,0.17529515289286499,0.7341057417320525,17.529515289286497,73.41057417320525,23.618602936659087
11234,634,83187,0.0954068716094032,Brooklyn,33264,38774,7.62138314880931,0.39987017202207076,0.4661064829841201,39.98701720220708,46.61064829841201,9.540687160940319
11235,1314,78558,0.1805578883448106,Brooklyn,60597,3192,16.726495073703507,0.7713663789811349,0.040632398991827696,77.13663789811349,4.063239899182769,18.05578883448106
11236,552,88051,0.1322958092917404,Brooklyn,6306,77446,6.269094047767771,0.07161758526308616,0.879558437723592,7.161758526308616,87.9558437723592,13.22958092917404
11237,5288,45334,0.1999779346866725,Brooklyn,20935,7279,116.6453434508316,0.4617946794900075,0.1605638152380112,46.17946794900075,16.056381523801118,19.99779346866725
11238,3528,58345,0.1215431415929203,Brooklyn,35380,18574,60.46790641871626,0.6063930071128631,0.31834775901962464,60.63930071128632,31.834775901962466,12.15431415929203
11239,160,16410,0.2524325655868949,Brooklyn,3744,10794,9.75015234613041,0.22815356489945154,0.6577696526508227,22.815356489945156,65.77696526508227,25.24325655868949
11249,1648,47728,0.1725733515616784,Brooklyn,35302,6415,34.528997653369096,0.7396496815286624,0.13440747569560846,73.96496815286623,13.440747569560846,17.25733515616784
11354,401,53028,0.2025715341671691,Queens,11456,2644,7.562042694425586,0.21603681074149506,0.04986045108244701,21.603681074149506,4.986045108244701,20.25715341671691
11355,507,80801,0.2187507779631058,Queens,9902,2510,6.27467481838096,0.12254798826747194,0.031063971980544794,12.254798826747194,3.1063971980544793,21.87507779631058
11356,114,25824,0.1114729944554301,Queens,7470,583,4.414498141263941,0.2892657992565056,0.022575898389095416,28.926579925650557,2.2575898389095417,11.14729944554301
11357,333,43346,0.0795835662381218,Queens,27288,401,7.682369768836801,0.6295390578138698,0.009251141973884557,62.95390578138698,0.9251141973884557,7.958356623812179
11358,286,37665,0.1197510836901311,Queens,13877,553,7.593256338776052,0.3684322315146688,0.014682065578122926,36.84322315146688,1.4682065578122925,11.97510836901311
11360,55,19469,0.0997006915058313,Queens,12019,452,2.8250038522779803,0.6173403872823463,0.023216395295084492,61.73403872823463,2.3216395295084493,9.97006915058313
11361,223,30127,0.1231989693867172,Queens,13896,1451,7.401998207587878,0.4612473860656554,0.048162777574932786,46.12473860656554,4.816277757493278,12.31989693867172
11362,40,18492,0.0515665796344647,Queens,8192,961,2.163097555699762,0.4430023794073113,0.05196841877568678,44.30023794073113,5.196841877568678,5.156657963446469
11363,24,7223,0.0802990447182611,Queens,4683,240,3.322719091790115,0.6483455627855462,0.03322719091790115,64.83455627855463,3.322719091790115,8.02990447182611
11364,83,35276,0.0768314810614651,Queens,13571,1214,2.3528744755641227,0.384709150697358,0.034414332690781264,38.4709150697358,3.4414332690781264,7.68314810614651
11365,103,42322,0.1037334593572778,Queens,14881,5245,2.4337224138745808,0.3516138178725013,0.1239308161240017,35.16138178725013,12.39308161240017,10.37334593572778
11366,60,13463,0.0795189778278842,Queens,5599,713,4.456658991309515,0.4158805615390329,0.05295996434672807,41.58805615390329,5.295996434672807,7.95189778278842
11367,489,40923,0.1336442707676793,Queens,22344,3665,11.949270581335679,0.5460010263177186,0.08955843901962222,54.60010263177186,8.955843901962222,13.36442707676793
11368,931,105716,0.1934510655469936,Queens,23434,14762,8.806613946800862,0.2216693783344054,0.13963827613606267,22.16693783344054,13.963827613606266,19.34510655469936
11369,419,35133,0.1561727497455285,Queens,7841,7419,11.926109355876243,0.22318048558335468,0.2111689864230211,22.31804855833547,21.11689864230211,15.61727497455285
11370,468,30267,0.1072953474676089,Queens,13340,2663,15.462384775498068,0.4407440446691116,0.08798361251528067,44.07440446691116,8.798361251528068,10.729534746760889
11372,680,64756,0.1456125378229498,Queens,30326,3825,10.500957440237197,0.46831181666563715,0.05906788560133424,46.831181666563715,5.906788560133424,14.56125378229498
11373,769,98403,0.1479840859685821,Queens,15094,3004,7.814802394235949,0.15338963242990558,0.030527524567340425,15.338963242990559,3.0527524567340425,14.79840859685821
11374,745,46989,0.1299272253878823,Queens,24333,3171,15.854774521696566,0.5178446019281109,0.06748387920577156,51.78446019281109,6.748387920577156,12.992722538788229
11375,692,76839,0.0870276995612599,Queens,45470,4164,9.005843386821796,0.5917567901716576,0.05419123101549994,59.17567901716576,5.419123101549994,8.70276995612599
11377,1565,81690,0.1110454231944033,Queens,37968,4231,19.157791651364917,0.4647814910025707,0.051793365160974415,46.47814910025707,5.179336516097441,11.10454231944033
11378,1126,36392,0.1268358920356925,Brooklyn,22534,990,30.94086612442295,0.6192020224225104,0.02720378105078039,61.920202242251044,2.720378105078039,12.683589203569252
11379,676,36773,0.0806189597731215,Queens,27037,791,18.383052783292086,0.7352405297364915,0.021510347265656867,73.52405297364915,2.151034726565687,8.061895977312151
11385,6202,101704,0.1198443810294945,Brooklyn,66772,7373,60.98088570754346,0.6565326830803115,0.07249469047431763,65.65326830803116,7.249469047431763,11.98443810294945
11411,74,20540,0.0734238221697649,Queens,1206,17992,3.602726387536514,0.058714703018500486,0.8759493670886076,5.8714703018500485,87.59493670886076,7.34238221697649
11412,249,39828,0.1041183001917835,Queens,1548,33145,6.251883097318469,0.0388671286532088,0.8322034749422517,3.88671286532088,83.22034749422517,10.41183001917835
11413,191,45965,0.0607798918398178,Queens,1742,40305,4.155335581420647,0.037898400957250084,0.8768628304144458,3.7898400957250082,87.68628304144458,6.07798918398178
11414,404,31308,0.0691516545291938,Brooklyn,23984,2615,12.904050083045867,0.7660661811677526,0.08352497764149738,76.60661811677527,8.352497764149739,6.91516545291938
11415,69,21154,0.0999002896348701,Queens,11544,2221,3.261794459676657,0.5457123948189467,0.1049919636948095,54.57123948189467,10.49919636948095,9.99002896348701
11416,498,25919,0.1820943183145761,Brooklyn,7003,2456,19.213704232416372,0.27018789305142943,0.09475674215826228,27.018789305142942,9.475674215826228,18.20943183145761
11417,766,30578,0.1227994847574066,Brooklyn,9948,3761,25.05069003858984,0.32533193799463667,0.12299692589443391,32.53319379946367,12.29969258944339,12.27994847574066
11418,240,35481,0.0998477142775048,Queens,12370,4625,6.764183647586032,0.34863729883599676,0.13035145570868917,34.863729883599675,13.035145570868917,9.98477142775048
11419,317,47441,0.1163127207728646,Queens,5135,8396,6.681983937943972,0.10823970826921861,0.17697771969393564,10.823970826921862,17.697771969393564,11.63127207728646
11420,303,49415,0.1112959169185209,Queens,7395,14037,6.1317413740766975,0.14965091571385206,0.284063543458464,14.965091571385205,28.406354345846403,11.12959169185209
11421,364,40612,0.1048009078798046,Brooklyn,16330,3781,8.962868117797695,0.4020979020979021,0.09310056141042057,40.20979020979021,9.310056141042057,10.48009078798046
11422,63,33757,0.0952352643937817,Queens,3962,28126,1.8662795864561426,0.11736824954824185,0.83319015315342,11.736824954824185,83.319015315342,9.52352643937817
11423,105,28534,0.1195422093064973,Queens,4048,10069,3.6798205649400715,0.14186584425597532,0.3528772692226817,14.186584425597532,35.28772692226817,11.95422093064973
11426,78,19411,0.0751173708920187,Queens,6087,1403,4.018340116428829,0.3135850806243882,0.07227860491473906,31.358508062438823,7.227860491473906,7.51173708920187
11427,80,24607,0.1083702997388168,Queens,5488,6738,3.2511074084610074,0.22302596822042509,0.2738245214776283,22.30259682204251,27.38245214776283,10.83702997388168
11428,41,19028,0.0964423943587296,Queens,3354,4790,2.1547193609417703,0.17626655455118773,0.25173428631490435,17.626655455118772,25.173428631490435,9.64423943587296
11429,109,26832,0.0940701413295446,Queens,2661,19505,4.0623136553369115,0.09917262969588551,0.7269305307096005,9.91726296958855,72.69305307096005,9.40701413295446
11432,507,62892,0.1533143090093763,Queens,12128,13562,8.061438656744896,0.19283851682248934,0.21563950899955478,19.283851682248933,21.56395089995548,15.33143090093763
11433,378,37884,0.1286123336338087,Queens,1349,20869,9.977827050997782,0.03560870024284658,0.5508658008658008,3.5608700242846583,55.086580086580085,12.861233363380869
11434,272,68263,0.1362054607102492,Queens,3709,56695,3.984589016011602,0.05433397301612879,0.8305377730249184,5.433397301612879,83.05377730249184,13.620546071024918
11435,614,56826,0.1570350643586329,Queens,10248,15577,10.804913243937635,0.180339985218034,0.2741174814345546,18.033998521803397,27.411748143455462,15.70350643586329
11436,199,22527,0.1248378583888715,Queens,833,14190,8.83384383184623,0.036977848803657835,0.6299107737381808,3.6977848803657833,62.99107737381809,12.48378583888715
11691,418,69359,0.2190228441573974,Queens,26152,31642,6.02661514727721,0.3770527256736689,0.4562061160051327,37.70527256736689,45.62061160051327,21.90228441573974
11692,48,22734,0.2825290579349645,Queens,4942,14757,2.111375032990235,0.21738365443828628,0.6491158617049353,21.738365443828627,64.91158617049354,28.252905793496453
11693,55,13244,0.1799194957089694,Queens,8189,3662,4.152823920265781,0.6183177287828451,0.27650256720024163,61.83177287828451,27.650256720024164,17.99194957089694
11694,147,21489,0.1091797155581094,Queens,18436,1880,6.8407092000558425,0.8579273116478198,0.08748662106193866,85.79273116478198,8.748662106193866,10.91797155581094
11697,6,4429,0.0663806728381124,Queens,4387,33,1.3547076089410701,0.9905170467374125,0.007450891849175886,99.05170467374124,0.7450891849175886,6.63806728381124
